colour	x	y	label	PANEL	group	anchor
#A020F0	0	0.712257054292594	validation	1	2	end
#FFA500	1	1.00561048940395	subtrain	1	1	start
